sensor,column,outlier_count_iqr,outlier_ratio_iqr,min,max,q99
mLight,m_light,11638,0.12090423653098963,0.0,334306.0,1420.4343041992117
wLight,w_light,71751,0.11321817587942078,0.0,126950.0,2773.5999999998603
wPedo,step,0,0.0,0.0,317.0,94.0
wPedo,step_frequency,0,0.0,0.0,5.283333333333333,1.5666666666666667
wPedo,running_step,0,0.0,0.0,0.0,0.0
wPedo,walking_step,0,0.0,0.0,0.0,0.0
wPedo,distance,0,0.0,0.0,302.240234375,69.69996093750001
wPedo,speed,0,0.0,0.0,5.037337239583334,1.1616660156250003
wPedo,burned_calories,0,0.0,0.0,310.6953430175781,3.3897248840332033
